Data Periods,Mode of Travel,Zone ID,Zone Name,Zone Is Pass-Through,Zone Direction (degrees),Zone is Bi-Direction,Day Type,Day Part,Average Daily Spot Traffic (StL Volume),Lower 95 Prediction Range,Upper 95 Prediction Range
"Jun 01, 2021 - Jun 01, 2022",All Vehicles - StL All Vehicles Volume,,Buchanan Street,yes,102,yes,0: All Days (M-Su),0: All Day (12am-12am),330,200,600
"Jun 01, 2021 - Jun 01, 2022",All Vehicles - StL All Vehicles Volume,,Buchanan Street (1),yes,102,yes,0: All Days (M-Su),0: All Day (12am-12am),382,200,700
"Jun 01, 2021 - Jun 01, 2022",All Vehicles - StL All Vehicles Volume,,Nolden Street,yes,12,yes,0: All Days (M-Su),0: All Day (12am-12am),427,200,800
"Jun 01, 2021 - Jun 01, 2022",All Vehicles - StL All Vehicles Volume,,Nolden Street (1),yes,12,yes,0: All Days (M-Su),0: All Day (12am-12am),316,200,600
