Data Periods,Mode of Travel,Zone ID,Zone Name,Zone Is Pass-Through,Zone Direction (degrees),Zone is Bi-Direction,Day Type,Day Part,Average Daily Spot Traffic (StL Volume),Avg Spot Speed (mph),Free Flow Speed (mph),Free Flow Factor,5th Speed Percentile,15th Speed Percentile,85th Speed Percentile,95th Speed Percentile
"Jun 01, 2021 - Jun 01, 2022",All Vehicles - StL All Vehicles Volume,,North Neptune Avenue,yes,356,yes,0: All Days (M-Su),0: All Day (12am-12am),1213,17,25.058,0.662,8.000,11.000,21.000,25.000
"Jun 01, 2021 - Jun 01, 2022",All Vehicles - StL All Vehicles Volume,,North Neptune Avenue,yes,356,yes,0: All Days (M-Su),1: Early AM (12am-6am),71,18,25.058,0.700,10.000,12.000,22.000,27.000
"Jun 01, 2021 - Jun 01, 2022",All Vehicles - StL All Vehicles Volume,,North Neptune Avenue,yes,356,yes,0: All Days (M-Su),2: Peak AM (6am-10am),217,17,25.058,0.671,8.000,11.000,21.000,25.000
"Jun 01, 2021 - Jun 01, 2022",All Vehicles - StL All Vehicles Volume,,North Neptune Avenue,yes,356,yes,0: All Days (M-Su),3: Mid-Day (10am-3pm),347,17,25.058,0.665,8.000,11.000,21.000,25.000
"Jun 01, 2021 - Jun 01, 2022",All Vehicles - StL All Vehicles Volume,,North Neptune Avenue,yes,356,yes,0: All Days (M-Su),4: Peak PM (3pm-7pm),359,16,25.058,0.654,8.000,11.000,21.000,25.000
"Jun 01, 2021 - Jun 01, 2022",All Vehicles - StL All Vehicles Volume,,North Neptune Avenue,yes,356,yes,0: All Days (M-Su),5: Late PM (7pm-12am),220,16,25.058,0.649,8.000,11.000,21.000,24.000
"Jun 01, 2021 - Jun 01, 2022",All Vehicles - StL All Vehicles Volume,,North Neptune Avenue,yes,356,yes,1: Weekday (M-Th),0: All Day (12am-12am),1315,17,25.058,0.660,8.000,11.000,21.000,25.000
"Jun 01, 2021 - Jun 01, 2022",All Vehicles - StL All Vehicles Volume,,North Neptune Avenue,yes,356,yes,1: Weekday (M-Th),1: Early AM (12am-6am),73,18,25.058,0.712,10.000,13.000,23.000,26.000
"Jun 01, 2021 - Jun 01, 2022",All Vehicles - StL All Vehicles Volume,,North Neptune Avenue,yes,356,yes,1: Weekday (M-Th),2: Peak AM (6am-10am),260,17,25.058,0.668,8.000,11.000,21.000,25.000
"Jun 01, 2021 - Jun 01, 2022",All Vehicles - StL All Vehicles Volume,,North Neptune Avenue,yes,356,yes,1: Weekday (M-Th),3: Mid-Day (10am-3pm),367,17,25.058,0.661,8.000,11.000,21.000,25.000
"Jun 01, 2021 - Jun 01, 2022",All Vehicles - StL All Vehicles Volume,,North Neptune Avenue,yes,356,yes,1: Weekday (M-Th),4: Peak PM (3pm-7pm),394,16,25.058,0.650,8.000,11.000,21.000,25.000
"Jun 01, 2021 - Jun 01, 2022",All Vehicles - StL All Vehicles Volume,,North Neptune Avenue,yes,356,yes,1: Weekday (M-Th),5: Late PM (7pm-12am),220,16,25.058,0.649,8.000,11.000,21.000,24.000
"Jun 01, 2021 - Jun 01, 2022",All Vehicles - StL All Vehicles Volume,,North Neptune Avenue,yes,356,yes,2: Weekend (Sa-Su),0: All Day (12am-12am),870,17,25.058,0.668,8.000,11.000,21.000,25.000
"Jun 01, 2021 - Jun 01, 2022",All Vehicles - StL All Vehicles Volume,,North Neptune Avenue,yes,356,yes,2: Weekend (Sa-Su),1: Early AM (12am-6am),60,17,25.058,0.680,8.000,12.000,22.000,28.000
"Jun 01, 2021 - Jun 01, 2022",All Vehicles - StL All Vehicles Volume,,North Neptune Avenue,yes,356,yes,2: Weekend (Sa-Su),2: Peak AM (6am-10am),106,17,25.058,0.688,9.000,12.000,22.000,26.000
"Jun 01, 2021 - Jun 01, 2022",All Vehicles - StL All Vehicles Volume,,North Neptune Avenue,yes,356,yes,2: Weekend (Sa-Su),3: Mid-Day (10am-3pm),273,17,25.058,0.672,8.000,12.000,21.000,25.000
"Jun 01, 2021 - Jun 01, 2022",All Vehicles - StL All Vehicles Volume,,North Neptune Avenue,yes,356,yes,2: Weekend (Sa-Su),4: Peak PM (3pm-7pm),248,17,25.058,0.665,8.000,11.000,21.000,25.000
"Jun 01, 2021 - Jun 01, 2022",All Vehicles - StL All Vehicles Volume,,North Neptune Avenue,yes,356,yes,2: Weekend (Sa-Su),5: Late PM (7pm-12am),183,16,25.058,0.648,8.000,11.000,21.000,25.000
"Jun 01, 2021 - Jun 01, 2022",All Vehicles - StL All Vehicles Volume,,North Neptune Avenue (1),yes,356,yes,0: All Days (M-Su),0: All Day (12am-12am),904,15,25.427,0.608,7.000,10.000,21.000,25.000
"Jun 01, 2021 - Jun 01, 2022",All Vehicles - StL All Vehicles Volume,,North Neptune Avenue (1),yes,356,yes,0: All Days (M-Su),1: Early AM (12am-6am),53,17,25.427,0.667,8.000,11.000,22.000,26.000
"Jun 01, 2021 - Jun 01, 2022",All Vehicles - StL All Vehicles Volume,,North Neptune Avenue (1),yes,356,yes,0: All Days (M-Su),2: Peak AM (6am-10am),153,15,25.427,0.596,7.000,10.000,21.000,24.000
"Jun 01, 2021 - Jun 01, 2022",All Vehicles - StL All Vehicles Volume,,North Neptune Avenue (1),yes,356,yes,0: All Days (M-Su),3: Mid-Day (10am-3pm),241,15,25.427,0.604,7.000,10.000,21.000,25.000
"Jun 01, 2021 - Jun 01, 2022",All Vehicles - StL All Vehicles Volume,,North Neptune Avenue (1),yes,356,yes,0: All Days (M-Su),4: Peak PM (3pm-7pm),275,15,25.427,0.604,7.000,10.000,21.000,24.000
"Jun 01, 2021 - Jun 01, 2022",All Vehicles - StL All Vehicles Volume,,North Neptune Avenue (1),yes,356,yes,0: All Days (M-Su),5: Late PM (7pm-12am),182,16,25.427,0.611,7.000,10.000,21.000,24.000
"Jun 01, 2021 - Jun 01, 2022",All Vehicles - StL All Vehicles Volume,,North Neptune Avenue (1),yes,356,yes,1: Weekday (M-Th),0: All Day (12am-12am),970,15,25.427,0.608,7.000,10.000,21.000,24.000
"Jun 01, 2021 - Jun 01, 2022",All Vehicles - StL All Vehicles Volume,,North Neptune Avenue (1),yes,356,yes,1: Weekday (M-Th),1: Early AM (12am-6am),54,17,25.427,0.665,8.000,11.000,22.000,26.000
"Jun 01, 2021 - Jun 01, 2022",All Vehicles - StL All Vehicles Volume,,North Neptune Avenue (1),yes,356,yes,1: Weekday (M-Th),2: Peak AM (6am-10am),181,15,25.427,0.589,7.000,10.000,21.000,24.000
"Jun 01, 2021 - Jun 01, 2022",All Vehicles - StL All Vehicles Volume,,North Neptune Avenue (1),yes,356,yes,1: Weekday (M-Th),3: Mid-Day (10am-3pm),255,15,25.427,0.608,7.000,10.000,21.000,25.000
"Jun 01, 2021 - Jun 01, 2022",All Vehicles - StL All Vehicles Volume,,North Neptune Avenue (1),yes,356,yes,1: Weekday (M-Th),4: Peak PM (3pm-7pm),300,15,25.427,0.605,7.000,10.000,21.000,24.000
"Jun 01, 2021 - Jun 01, 2022",All Vehicles - StL All Vehicles Volume,,North Neptune Avenue (1),yes,356,yes,1: Weekday (M-Th),5: Late PM (7pm-12am),180,16,25.427,0.617,7.000,10.000,21.000,25.000
"Jun 01, 2021 - Jun 01, 2022",All Vehicles - StL All Vehicles Volume,,North Neptune Avenue (1),yes,356,yes,2: Weekend (Sa-Su),0: All Day (12am-12am),673,15,25.427,0.608,7.000,10.000,21.000,25.000
"Jun 01, 2021 - Jun 01, 2022",All Vehicles - StL All Vehicles Volume,,North Neptune Avenue (1),yes,356,yes,2: Weekend (Sa-Su),1: Early AM (12am-6am),48,17,25.427,0.667,8.000,11.000,22.000,28.000
"Jun 01, 2021 - Jun 01, 2022",All Vehicles - StL All Vehicles Volume,,North Neptune Avenue (1),yes,356,yes,2: Weekend (Sa-Su),2: Peak AM (6am-10am),77,15,25.427,0.604,7.000,10.000,21.000,25.000
"Jun 01, 2021 - Jun 01, 2022",All Vehicles - StL All Vehicles Volume,,North Neptune Avenue (1),yes,356,yes,2: Weekend (Sa-Su),3: Mid-Day (10am-3pm),198,15,25.427,0.600,6.000,10.000,21.000,25.000
"Jun 01, 2021 - Jun 01, 2022",All Vehicles - StL All Vehicles Volume,,North Neptune Avenue (1),yes,356,yes,2: Weekend (Sa-Su),4: Peak PM (3pm-7pm),197,15,25.427,0.602,7.000,10.000,21.000,25.000
"Jun 01, 2021 - Jun 01, 2022",All Vehicles - StL All Vehicles Volume,,North Neptune Avenue (1),yes,356,yes,2: Weekend (Sa-Su),5: Late PM (7pm-12am),152,15,25.427,0.608,7.000,10.000,21.000,25.000
"Jun 01, 2021 - Jun 01, 2022",All Vehicles - StL All Vehicles Volume,,West G Street,yes,266,yes,0: All Days (M-Su),0: All Day (12am-12am),739,16,26.399,0.604,7.000,11.000,21.000,24.000
"Jun 01, 2021 - Jun 01, 2022",All Vehicles - StL All Vehicles Volume,,West G Street,yes,266,yes,0: All Days (M-Su),1: Early AM (12am-6am),31,17,26.399,0.636,3.000,12.000,22.000,26.000
"Jun 01, 2021 - Jun 01, 2022",All Vehicles - StL All Vehicles Volume,,West G Street,yes,266,yes,0: All Days (M-Su),2: Peak AM (6am-10am),110,16,26.399,0.617,7.000,11.000,21.000,24.000
"Jun 01, 2021 - Jun 01, 2022",All Vehicles - StL All Vehicles Volume,,West G Street,yes,266,yes,0: All Days (M-Su),3: Mid-Day (10am-3pm),240,16,26.399,0.601,7.000,11.000,21.000,24.000
"Jun 01, 2021 - Jun 01, 2022",All Vehicles - StL All Vehicles Volume,,West G Street,yes,266,yes,0: All Days (M-Su),4: Peak PM (3pm-7pm),240,16,26.399,0.598,7.000,11.000,21.000,24.000
"Jun 01, 2021 - Jun 01, 2022",All Vehicles - StL All Vehicles Volume,,West G Street,yes,266,yes,0: All Days (M-Su),5: Late PM (7pm-12am),118,16,26.399,0.600,7.000,11.000,21.000,24.000
"Jun 01, 2021 - Jun 01, 2022",All Vehicles - StL All Vehicles Volume,,West G Street,yes,266,yes,1: Weekday (M-Th),0: All Day (12am-12am),807,16,26.399,0.603,7.000,11.000,21.000,24.000
"Jun 01, 2021 - Jun 01, 2022",All Vehicles - StL All Vehicles Volume,,West G Street,yes,266,yes,1: Weekday (M-Th),1: Early AM (12am-6am),34,17,26.399,0.645,5.000,12.000,22.000,26.000
"Jun 01, 2021 - Jun 01, 2022",All Vehicles - StL All Vehicles Volume,,West G Street,yes,266,yes,1: Weekday (M-Th),2: Peak AM (6am-10am),130,16,26.399,0.620,7.000,11.000,21.000,25.000
"Jun 01, 2021 - Jun 01, 2022",All Vehicles - StL All Vehicles Volume,,West G Street,yes,266,yes,1: Weekday (M-Th),3: Mid-Day (10am-3pm),255,16,26.399,0.601,7.000,11.000,21.000,24.000
"Jun 01, 2021 - Jun 01, 2022",All Vehicles - StL All Vehicles Volume,,West G Street,yes,266,yes,1: Weekday (M-Th),4: Peak PM (3pm-7pm),268,16,26.399,0.593,7.000,11.000,21.000,24.000
"Jun 01, 2021 - Jun 01, 2022",All Vehicles - StL All Vehicles Volume,,West G Street,yes,266,yes,1: Weekday (M-Th),5: Late PM (7pm-12am),120,16,26.399,0.599,7.000,11.000,21.000,24.000
"Jun 01, 2021 - Jun 01, 2022",All Vehicles - StL All Vehicles Volume,,West G Street,yes,266,yes,2: Weekend (Sa-Su),0: All Day (12am-12am),510,16,26.399,0.607,7.000,11.000,21.000,24.000
"Jun 01, 2021 - Jun 01, 2022",All Vehicles - StL All Vehicles Volume,,West G Street,yes,266,yes,2: Weekend (Sa-Su),1: Early AM (12am-6am),21,16,26.399,0.612,3.000,10.000,22.000,27.000
"Jun 01, 2021 - Jun 01, 2022",All Vehicles - StL All Vehicles Volume,,West G Street,yes,266,yes,2: Weekend (Sa-Su),2: Peak AM (6am-10am),56,16,26.399,0.608,7.000,11.000,21.000,24.000
"Jun 01, 2021 - Jun 01, 2022",All Vehicles - StL All Vehicles Volume,,West G Street,yes,266,yes,2: Weekend (Sa-Su),3: Mid-Day (10am-3pm),185,16,26.399,0.606,8.000,11.000,21.000,24.000
"Jun 01, 2021 - Jun 01, 2022",All Vehicles - StL All Vehicles Volume,,West G Street,yes,266,yes,2: Weekend (Sa-Su),4: Peak PM (3pm-7pm),157,16,26.399,0.608,7.000,11.000,21.000,25.000
"Jun 01, 2021 - Jun 01, 2022",All Vehicles - StL All Vehicles Volume,,West G Street,yes,266,yes,2: Weekend (Sa-Su),5: Late PM (7pm-12am),91,16,26.399,0.608,8.000,11.000,21.000,25.000
"Jun 01, 2021 - Jun 01, 2022",All Vehicles - StL All Vehicles Volume,,West G Street (1),yes,266,yes,0: All Days (M-Su),0: All Day (12am-12am),613,15,30.555,0.505,5.000,10.000,21.000,23.000
"Jun 01, 2021 - Jun 01, 2022",All Vehicles - StL All Vehicles Volume,,West G Street (1),yes,266,yes,0: All Days (M-Su),1: Early AM (12am-6am),23,16,30.555,0.515,7.000,10.000,21.000,23.000
"Jun 01, 2021 - Jun 01, 2022",All Vehicles - StL All Vehicles Volume,,West G Street (1),yes,266,yes,0: All Days (M-Su),2: Peak AM (6am-10am),106,14,30.555,0.452,2.000,5.000,20.000,23.000
"Jun 01, 2021 - Jun 01, 2022",All Vehicles - StL All Vehicles Volume,,West G Street (1),yes,266,yes,0: All Days (M-Su),3: Mid-Day (10am-3pm),186,16,30.555,0.520,7.000,10.000,21.000,24.000
"Jun 01, 2021 - Jun 01, 2022",All Vehicles - StL All Vehicles Volume,,West G Street (1),yes,266,yes,0: All Days (M-Su),4: Peak PM (3pm-7pm),198,16,30.555,0.514,7.000,10.000,21.000,23.000
"Jun 01, 2021 - Jun 01, 2022",All Vehicles - StL All Vehicles Volume,,West G Street (1),yes,266,yes,0: All Days (M-Su),5: Late PM (7pm-12am),100,16,30.555,0.513,7.000,10.000,21.000,23.000
"Jun 01, 2021 - Jun 01, 2022",All Vehicles - StL All Vehicles Volume,,West G Street (1),yes,266,yes,1: Weekday (M-Th),0: All Day (12am-12am),670,15,30.555,0.498,4.000,9.000,21.000,23.000
"Jun 01, 2021 - Jun 01, 2022",All Vehicles - StL All Vehicles Volume,,West G Street (1),yes,266,yes,1: Weekday (M-Th),1: Early AM (12am-6am),24,16,30.555,0.509,6.000,10.000,20.000,23.000
"Jun 01, 2021 - Jun 01, 2022",All Vehicles - StL All Vehicles Volume,,West G Street (1),yes,266,yes,1: Weekday (M-Th),2: Peak AM (6am-10am),131,13,30.555,0.437,2.000,4.000,20.000,23.000
"Jun 01, 2021 - Jun 01, 2022",All Vehicles - StL All Vehicles Volume,,West G Street (1),yes,266,yes,1: Weekday (M-Th),3: Mid-Day (10am-3pm),197,16,30.555,0.517,6.000,10.000,21.000,24.000
"Jun 01, 2021 - Jun 01, 2022",All Vehicles - StL All Vehicles Volume,,West G Street (1),yes,266,yes,1: Weekday (M-Th),4: Peak PM (3pm-7pm),221,16,30.555,0.508,7.000,10.000,20.000,23.000
"Jun 01, 2021 - Jun 01, 2022",All Vehicles - StL All Vehicles Volume,,West G Street (1),yes,266,yes,1: Weekday (M-Th),5: Late PM (7pm-12am),97,16,30.555,0.513,7.000,10.000,21.000,24.000
"Jun 01, 2021 - Jun 01, 2022",All Vehicles - StL All Vehicles Volume,,West G Street (1),yes,266,yes,2: Weekend (Sa-Su),0: All Day (12am-12am),425,16,30.555,0.522,7.000,11.000,21.000,24.000
"Jun 01, 2021 - Jun 01, 2022",All Vehicles - StL All Vehicles Volume,,West G Street (1),yes,266,yes,2: Weekend (Sa-Su),1: Early AM (12am-6am),20,16,30.555,0.515,7.000,9.000,21.000,23.000
"Jun 01, 2021 - Jun 01, 2022",All Vehicles - StL All Vehicles Volume,,West G Street (1),yes,266,yes,2: Weekend (Sa-Su),2: Peak AM (6am-10am),44,16,30.555,0.512,6.000,10.000,21.000,23.000
"Jun 01, 2021 - Jun 01, 2022",All Vehicles - StL All Vehicles Volume,,West G Street (1),yes,266,yes,2: Weekend (Sa-Su),3: Mid-Day (10am-3pm),147,16,30.555,0.528,8.000,11.000,21.000,24.000
"Jun 01, 2021 - Jun 01, 2022",All Vehicles - StL All Vehicles Volume,,West G Street (1),yes,266,yes,2: Weekend (Sa-Su),4: Peak PM (3pm-7pm),132,16,30.555,0.524,8.000,10.000,21.000,23.000
"Jun 01, 2021 - Jun 01, 2022",All Vehicles - StL All Vehicles Volume,,West G Street (1),yes,266,yes,2: Weekend (Sa-Su),5: Late PM (7pm-12am),82,16,30.555,0.515,7.000,10.000,21.000,23.000
