Data Periods,Mode of Travel,Zone ID,Zone Name,Zone Is Pass-Through,Zone Direction (degrees),Zone is Bi-Direction,Day Type,Day Part,Average Daily Spot Traffic (StL Volume),Lower 95 Prediction Range,Upper 95 Prediction Range
"Jun 01, 2021 - Jun 01, 2022",All Vehicles - StL All Vehicles Volume,,North Neptune Avenue,yes,356,yes,0: All Days (M-Su),0: All Day (12am-12am),1213,800,2000
"Jun 01, 2021 - Jun 01, 2022",All Vehicles - StL All Vehicles Volume,,North Neptune Avenue (1),yes,356,yes,0: All Days (M-Su),0: All Day (12am-12am),904,600,1500
"Jun 01, 2021 - Jun 01, 2022",All Vehicles - StL All Vehicles Volume,,West G Street,yes,266,yes,0: All Days (M-Su),0: All Day (12am-12am),739,500,1300
"Jun 01, 2021 - Jun 01, 2022",All Vehicles - StL All Vehicles Volume,,West G Street (1),yes,266,yes,0: All Days (M-Su),0: All Day (12am-12am),613,400,1100
