Data Periods,Mode of Travel,Zone ID,Zone Name,Zone Is Pass-Through,Zone Direction (degrees),Zone is Bi-Direction,Year-Month,Day Type,Day Part,Average Daily Spot Traffic (StL Volume),Lower 95 Prediction Range,Upper 95 Prediction Range
"Jun 01, 2021 - Jun 01, 2022",All Vehicles - StL All Vehicles Volume,,North Neptune Avenue,yes,356,yes,2021-06,0: All Days (M-Su),0: All Day (12am-12am),1223,800,2100
"Jun 01, 2021 - Jun 01, 2022",All Vehicles - StL All Vehicles Volume,,North Neptune Avenue,yes,356,yes,2021-07,0: All Days (M-Su),0: All Day (12am-12am),1196,800,2000
"Jun 01, 2021 - Jun 01, 2022",All Vehicles - StL All Vehicles Volume,,North Neptune Avenue,yes,356,yes,2021-08,0: All Days (M-Su),0: All Day (12am-12am),1177,800,2000
"Jun 01, 2021 - Jun 01, 2022",All Vehicles - StL All Vehicles Volume,,North Neptune Avenue,yes,356,yes,2021-09,0: All Days (M-Su),0: All Day (12am-12am),1264,800,2100
"Jun 01, 2021 - Jun 01, 2022",All Vehicles - StL All Vehicles Volume,,North Neptune Avenue,yes,356,yes,2021-10,0: All Days (M-Su),0: All Day (12am-12am),1269,800,2100
"Jun 01, 2021 - Jun 01, 2022",All Vehicles - StL All Vehicles Volume,,North Neptune Avenue,yes,356,yes,2021-11,0: All Days (M-Su),0: All Day (12am-12am),1295,900,2200
"Jun 01, 2021 - Jun 01, 2022",All Vehicles - StL All Vehicles Volume,,North Neptune Avenue,yes,356,yes,2021-12,0: All Days (M-Su),0: All Day (12am-12am),1102,700,1900
"Jun 01, 2021 - Jun 01, 2022",All Vehicles - StL All Vehicles Volume,,North Neptune Avenue,yes,356,yes,2022-01,0: All Days (M-Su),0: All Day (12am-12am),1132,700,1900
"Jun 01, 2021 - Jun 01, 2022",All Vehicles - StL All Vehicles Volume,,North Neptune Avenue,yes,356,yes,2022-02,0: All Days (M-Su),0: All Day (12am-12am),1201,800,2000
"Jun 01, 2021 - Jun 01, 2022",All Vehicles - StL All Vehicles Volume,,North Neptune Avenue,yes,356,yes,2022-03,0: All Days (M-Su),0: All Day (12am-12am),1210,800,2000
"Jun 01, 2021 - Jun 01, 2022",All Vehicles - StL All Vehicles Volume,,North Neptune Avenue,yes,356,yes,2022-04,0: All Days (M-Su),0: All Day (12am-12am),1241,800,2100
"Jun 01, 2021 - Jun 01, 2022",All Vehicles - StL All Vehicles Volume,,North Neptune Avenue,yes,356,yes,2022-05,0: All Days (M-Su),0: All Day (12am-12am),1247,800,2100
"Jun 01, 2021 - Jun 01, 2022",All Vehicles - StL All Vehicles Volume,,North Neptune Avenue (1),yes,356,yes,2021-06,0: All Days (M-Su),0: All Day (12am-12am),922,600,1600
"Jun 01, 2021 - Jun 01, 2022",All Vehicles - StL All Vehicles Volume,,North Neptune Avenue (1),yes,356,yes,2021-07,0: All Days (M-Su),0: All Day (12am-12am),924,600,1600
"Jun 01, 2021 - Jun 01, 2022",All Vehicles - StL All Vehicles Volume,,North Neptune Avenue (1),yes,356,yes,2021-08,0: All Days (M-Su),0: All Day (12am-12am),888,600,1500
"Jun 01, 2021 - Jun 01, 2022",All Vehicles - StL All Vehicles Volume,,North Neptune Avenue (1),yes,356,yes,2021-09,0: All Days (M-Su),0: All Day (12am-12am),908,600,1600
"Jun 01, 2021 - Jun 01, 2022",All Vehicles - StL All Vehicles Volume,,North Neptune Avenue (1),yes,356,yes,2021-10,0: All Days (M-Su),0: All Day (12am-12am),932,600,1600
"Jun 01, 2021 - Jun 01, 2022",All Vehicles - StL All Vehicles Volume,,North Neptune Avenue (1),yes,356,yes,2021-11,0: All Days (M-Su),0: All Day (12am-12am),951,600,1600
"Jun 01, 2021 - Jun 01, 2022",All Vehicles - StL All Vehicles Volume,,North Neptune Avenue (1),yes,356,yes,2021-12,0: All Days (M-Su),0: All Day (12am-12am),789,500,1400
"Jun 01, 2021 - Jun 01, 2022",All Vehicles - StL All Vehicles Volume,,North Neptune Avenue (1),yes,356,yes,2022-01,0: All Days (M-Su),0: All Day (12am-12am),824,500,1400
"Jun 01, 2021 - Jun 01, 2022",All Vehicles - StL All Vehicles Volume,,North Neptune Avenue (1),yes,356,yes,2022-02,0: All Days (M-Su),0: All Day (12am-12am),918,600,1600
"Jun 01, 2021 - Jun 01, 2022",All Vehicles - StL All Vehicles Volume,,North Neptune Avenue (1),yes,356,yes,2022-03,0: All Days (M-Su),0: All Day (12am-12am),935,600,1600
"Jun 01, 2021 - Jun 01, 2022",All Vehicles - StL All Vehicles Volume,,North Neptune Avenue (1),yes,356,yes,2022-04,0: All Days (M-Su),0: All Day (12am-12am),933,600,1600
"Jun 01, 2021 - Jun 01, 2022",All Vehicles - StL All Vehicles Volume,,North Neptune Avenue (1),yes,356,yes,2022-05,0: All Days (M-Su),0: All Day (12am-12am),923,600,1600
"Jun 01, 2021 - Jun 01, 2022",All Vehicles - StL All Vehicles Volume,,West G Street,yes,266,yes,2021-06,0: All Days (M-Su),0: All Day (12am-12am),753,500,1300
"Jun 01, 2021 - Jun 01, 2022",All Vehicles - StL All Vehicles Volume,,West G Street,yes,266,yes,2021-07,0: All Days (M-Su),0: All Day (12am-12am),653,400,1200
"Jun 01, 2021 - Jun 01, 2022",All Vehicles - StL All Vehicles Volume,,West G Street,yes,266,yes,2021-08,0: All Days (M-Su),0: All Day (12am-12am),704,400,1200
"Jun 01, 2021 - Jun 01, 2022",All Vehicles - StL All Vehicles Volume,,West G Street,yes,266,yes,2021-09,0: All Days (M-Su),0: All Day (12am-12am),783,500,1400
"Jun 01, 2021 - Jun 01, 2022",All Vehicles - StL All Vehicles Volume,,West G Street,yes,266,yes,2021-10,0: All Days (M-Su),0: All Day (12am-12am),763,500,1300
"Jun 01, 2021 - Jun 01, 2022",All Vehicles - StL All Vehicles Volume,,West G Street,yes,266,yes,2021-11,0: All Days (M-Su),0: All Day (12am-12am),776,500,1400
"Jun 01, 2021 - Jun 01, 2022",All Vehicles - StL All Vehicles Volume,,West G Street,yes,266,yes,2021-12,0: All Days (M-Su),0: All Day (12am-12am),738,500,1300
"Jun 01, 2021 - Jun 01, 2022",All Vehicles - StL All Vehicles Volume,,West G Street,yes,266,yes,2022-01,0: All Days (M-Su),0: All Day (12am-12am),757,500,1300
"Jun 01, 2021 - Jun 01, 2022",All Vehicles - StL All Vehicles Volume,,West G Street,yes,266,yes,2022-02,0: All Days (M-Su),0: All Day (12am-12am),718,400,1300
"Jun 01, 2021 - Jun 01, 2022",All Vehicles - StL All Vehicles Volume,,West G Street,yes,266,yes,2022-03,0: All Days (M-Su),0: All Day (12am-12am),734,500,1300
"Jun 01, 2021 - Jun 01, 2022",All Vehicles - StL All Vehicles Volume,,West G Street,yes,266,yes,2022-04,0: All Days (M-Su),0: All Day (12am-12am),775,500,1300
"Jun 01, 2021 - Jun 01, 2022",All Vehicles - StL All Vehicles Volume,,West G Street,yes,266,yes,2022-05,0: All Days (M-Su),0: All Day (12am-12am),711,400,1200
"Jun 01, 2021 - Jun 01, 2022",All Vehicles - StL All Vehicles Volume,,West G Street (1),yes,266,yes,2021-06,0: All Days (M-Su),0: All Day (12am-12am),552,300,1000
"Jun 01, 2021 - Jun 01, 2022",All Vehicles - StL All Vehicles Volume,,West G Street (1),yes,266,yes,2021-07,0: All Days (M-Su),0: All Day (12am-12am),486,300,900
"Jun 01, 2021 - Jun 01, 2022",All Vehicles - StL All Vehicles Volume,,West G Street (1),yes,266,yes,2021-08,0: All Days (M-Su),0: All Day (12am-12am),595,400,1100
"Jun 01, 2021 - Jun 01, 2022",All Vehicles - StL All Vehicles Volume,,West G Street (1),yes,266,yes,2021-09,0: All Days (M-Su),0: All Day (12am-12am),646,400,1100
"Jun 01, 2021 - Jun 01, 2022",All Vehicles - StL All Vehicles Volume,,West G Street (1),yes,266,yes,2021-10,0: All Days (M-Su),0: All Day (12am-12am),653,400,1200
"Jun 01, 2021 - Jun 01, 2022",All Vehicles - StL All Vehicles Volume,,West G Street (1),yes,266,yes,2021-11,0: All Days (M-Su),0: All Day (12am-12am),664,400,1200
"Jun 01, 2021 - Jun 01, 2022",All Vehicles - StL All Vehicles Volume,,West G Street (1),yes,266,yes,2021-12,0: All Days (M-Su),0: All Day (12am-12am),618,400,1100
"Jun 01, 2021 - Jun 01, 2022",All Vehicles - StL All Vehicles Volume,,West G Street (1),yes,266,yes,2022-01,0: All Days (M-Su),0: All Day (12am-12am),632,400,1100
"Jun 01, 2021 - Jun 01, 2022",All Vehicles - StL All Vehicles Volume,,West G Street (1),yes,266,yes,2022-02,0: All Days (M-Su),0: All Day (12am-12am),654,400,1200
"Jun 01, 2021 - Jun 01, 2022",All Vehicles - StL All Vehicles Volume,,West G Street (1),yes,266,yes,2022-03,0: All Days (M-Su),0: All Day (12am-12am),626,400,1100
"Jun 01, 2021 - Jun 01, 2022",All Vehicles - StL All Vehicles Volume,,West G Street (1),yes,266,yes,2022-04,0: All Days (M-Su),0: All Day (12am-12am),624,400,1100
"Jun 01, 2021 - Jun 01, 2022",All Vehicles - StL All Vehicles Volume,,West G Street (1),yes,266,yes,2022-05,0: All Days (M-Su),0: All Day (12am-12am),612,400,1100
